医学院,生命学院
经管学院,土木系
土木系,工业工程系
计算机系,软件学院
建管系,土木系
人文学院,社科学院
人文学院,新闻学院
社科学院,经管学院
电子系,软件学院
法学院,人文学院
人文学院,教研院
人文学院,外文系
社科学院,土木系
生命学院,经管学院
工业工程系,土木系
土木系,经管学院
生命学院,土木系
地球科学中心,土木系
人文学院,电子系
计算机系,社科学院
经管学院,工业工程系
生命学院,医学院
工业工程系,经管学院
土木系,教研院
土木系,建管系
软件学院,计算机系
社科学院,人文学院
电子系,人文学院
生命学院,人文学院
法学院,新闻学院
建筑技术,建筑学院
土木系,新闻学院
人文学院,医学院
计算机系,土木系
航院,电子系
美术学院,电子系
经管学院,化工系
环境学院,生命学院
物理系,医学院
法学院,软件学院
数学系,社科学院
数学系,人文学院
建管系,美术学院
工业工程系,美术学院
地球科学中心,经管学院
地球科学中心,人文学院
土木系,计算机系
人文学院,美术学院
人文学院,经管学院
人文学院,数学系
人文学院,工物系
人文学院,公管学院
计算机系,交叉信息院
航院,材料学院
经管学院,社科学院
经管学院,热能系
经管学院,新闻学院
经管学院,外文系
社科学院,计算机系
社科学院,生命学院
电机系,建筑学院
电子系,土木系
环境学院,土木系
汽车系,土木系
新闻学院,土木系
教研院,计算机系
建筑学院,美术学院
工物系,经管学院
工物系,人文学院
土木系,自动化系
土木系,人文学院
化工系,人文学院
人文学院,马克思主义学院
人文学院,软件学院
人文学院,热能系
人文学院,材料学院
人文学院,机械系
人文学院,建筑学院
人文学院,地球科学中心
人文学院,土木系
软件学院,马克思主义学院
软件学院,社科学院
软件学院,电子系
软件学院,全校
软件学院,人文学院
计算机系,经管学院
计算机系,教研院
计算机系,地球科学中心
航院,软件学院
航院,教研院
自动化系,土木系
经管学院,生命学院
精仪系,医学院
社科学院,水利系
社科学院,中文系
电机系,人文学院
电子系,新闻学院
生命学院,美术学院
环境学院,医学院
环境学院,人文学院
物理系,经管学院
物理系,人文学院
物理系,交叉信息院
法学院,航院
法学院,经管学院
法学院,社科学院
新闻学院,人文学院
教研院,建筑学院
教研院,地球科学中心
微纳电子系,建筑学院
建筑学院,土木系
工物系,自动化系
工物系,建筑学院
工物系,土木系
工物系,党办校办
工业工程系,软件学院
地球科学中心,计算机系
地球科学中心,生命学院
地球科学中心,水利系
土木系,电子系
土木系,生命学院
土木系,建筑学院
医学院,精仪系
医学院,人文学院
化学系,生命学院
化学系,物理系
化学系,化工系
化学系,交叉信息院
人文学院,计算机系
人文学院,环境学院
人文学院,物理系
人文学院,水利系
人文学院,化学系
人文学院,全校
软件学院,航院
软件学院,生命学院
软件学院,新闻学院
计算机系,航院
计算机系,数学系
计算机系,建筑学院
计算机系,外文系
计算机系,全校
计算机系,人文学院
航院,生命学院
自动化系,软件学院
自动化系,电机系
自动化系,电子系
美术学院,软件学院
美术学院,自动化系
美术学院,生命学院
美术学院,新闻学院
经管学院,美术学院
经管学院,电机系
经管学院,法学院
精仪系,经管学院
精仪系,机械系
社科学院,软件学院
社科学院,建筑学院
社科学院,地球科学中心
社科学院,医学院
电机系,计算机系
电机系,经管学院
电机系,工业工程系
电机系,化学系
电子系,自动化系
电子系,美术学院
电子系,社科学院
电子系,法学院
电子系,水利系
电子系,教研院
生命学院,软件学院
生命学院,社科学院
生命学院,新闻学院
生命学院,工业工程系
生命学院,化学系
环境学院,航院
环境学院,经管学院
物理系,计算机系
物理系,航院
物理系,自动化系
物理系,社科学院
物理系,电子系
物理系,生命学院
物理系,数学系
物理系,化学系
热能系,生命学院
热能系,汽车系
法学院,教研院
法学院,建筑学院
法学院,医学院
汽车系,电子系
核研院,教研院
材料学院,电机系
材料学院,土木系
机械系,航院
机械系,自动化系
机械系,法学院
新闻学院,软件学院
教研院,生命学院
教研院,热能系
教研院,党办校办
微纳电子系,人文学院
建管系,汽车系
建筑学院,软件学院
建筑学院,党办校办
建筑学院,人文学院
工物系,社科学院
工物系,水利系
工物系,新闻学院
工业工程系,自动化系
工业工程系,法学院
外文系,人文学院
地球科学中心,自动化系
地球科学中心,建筑学院
土木系,社科学院
土木系,水利系
土木系,数学系
土木系,全校
医学院,自动化系
医学院,经管学院
医学院,环境学院
医学院,物理系
化工系,计算机系
化工系,美术学院
化工系,经管学院
化学系,新闻学院
化学系,人文学院
公管学院,美术学院
人文学院,精仪系
人文学院,生命学院
人文学院,文科高研所
人文学院,工业工程系
交叉信息院,计算机系
交叉信息院,航院
交叉信息院,物理系
马克思主义学院,社科学院
软件学院,美术学院
软件学院,经管学院
软件学院,物理系
软件学院,汽车系
软件学院,工物系
软件学院,土木系
计算机系,自动化系
计算机系,美术学院
计算机系,科研院
计算机系,电机系
计算机系,机械系
计算机系,新闻学院
计算机系,微纳电子系
计算机系,工物系
航院,计算机系
航院,自动化系
航院,经管学院
航院,建筑学院
航院,全校
自动化系,美术学院
自动化系,经管学院
自动化系,机械系
自动化系,工业工程系
美术学院,经管学院
美术学院,社科学院
美术学院,环境学院
美术学院,核研院
美术学院,机械学院
美术学院,工业工程系
美术学院,医学院
美术学院,人文学院
经管学院,软件学院
经管学院,计算机系
经管学院,航院
经管学院,电子系
经管学院,材料学院
经管学院,教研院
经管学院,建筑学院
经管学院,工物系
经管学院,化学系
经管学院,全校
经管学院,党办校办
经管学院,人文学院
经管学院,交叉信息院
经管学院,中文系
精仪系,新闻学院
精仪系,土木系
社科学院,自动化系
社科学院,电机系
社科学院,电子系
社科学院,法学院
社科学院,汽车系
社科学院,材料学院
社科学院,新闻学院
社科学院,数学系
社科学院,教研院
社科学院,工业工程系
社科学院,公管学院
电机系,软件学院
电机系,航院
电机系,自动化系
电机系,社科学院
电机系,生命学院
电机系,水利系
电机系,外文系
电机系,土木系
电子系,计算机系
电子系,航院
电子系,经管学院
电子系,电机系
电子系,物理系
电子系,建筑学院
电子系,党办校办
生命学院,航院
生命学院,自动化系
生命学院,电子系
生命学院,环境学院
生命学院,材料学院
生命学院,教研院
生命学院,工物系
生命学院,化工系
生命学院,全校
生医系,交叉信息院
环境学院,社科学院
环境学院,法学院
环境学院,水利系
环境学院,核研院
环境学院,新闻学院
环境学院,工物系
环境学院,化工系
物理系,水利系
物理系,建筑学院
物理系,全校
热能系,自动化系
热能系,社科学院
热能系,核研院
热能系,教研院
热能系,工业工程系
法学院,自动化系
法学院,材料学院
法学院,机械系
法学院,工业工程系
汽车系,水利系
汽车系,建管系
汽车系,党办校办
水利系,计算机系
水利系,自动化系
水利系,物理系
水利系,材料学院
水利系,工业工程系
水利系,医学院
核研院,水利系
核研院,人文学院
材料学院,环境学院
机械系,计算机系
机械系,美术学院
机械学院,土木系
新闻学院,航院
新闻学院,自动化系
新闻学院,美术学院
数学系,计算机系
数学系,美术学院
数学系,地球科学中心
教研院,航院
教研院,科研院
教研院,环境学院
教研院,法学院
教研院,机械系
教研院,新闻学院
教研院,图书馆
教研院,人文学院
技术转移研究院,生命学院
微纳电子系,电子系
建管系,社科学院
建管系,生命学院
建筑技术,人文学院
建筑学院,计算机系
建筑学院,经管学院
建筑学院,电子系
建筑学院,教研院
建筑学院,工物系
建筑学院,全校
工物系,马克思主义学院
工物系,软件学院
工物系,电子系
工物系,物理系
工物系,热能系
工物系,法学院
工物系,全校
工业工程系,热能系
地球科学中心,马克思主义学院
地球科学中心,航院
地球科学中心,美术学院
地球科学中心,社科学院
地球科学中心,电机系
地球科学中心,机械系
地球科学中心,医学院
地球科学中心,交叉信息院
土木系,美术学院
土木系,汽车系
土木系,工物系
土木系,地球科学中心
医学院,软件学院
医学院,药学院
医学院,社科学院
医学院,工物系
医学院,土木系
医学院,中文系
化学系,经管学院
化学系,工业工程系
化学系,土木系
公管学院,经管学院
公管学院,电子系
公管学院,生命学院
公管学院,汽车系
公管学院,工业工程系
人文学院,高研院
人文学院,航院
人文学院,电机系
人文学院,法学院
人文学院,汽车系
人文学院,核研院
人文学院,微纳电子系
人文学院,建管系
人文学院,建筑技术
人文学院,交叉信息院
交叉信息院,软件学院
交叉信息院,社科学院
交叉信息院,电机系
交叉信息院,电子系
交叉信息院,生命学院
交叉信息院,生医系
交叉信息院,数学系
交叉信息院,化学系
中文系,社科学院
高研院,计算机系
高研院,环境学院
高研院,热能系
高研院,教研院
高研院,建筑学院
高研院,人文学院
高研院,交叉信息院
马克思主义学院,热能系
马克思主义学院,地球科学中心
马克思主义学院,公管学院
金融学院,经管学院
金融学院,物理系
金融学院,工物系
金融学院,党办校办
金融学院,人文学院
软件学院,计算机
软件学院,自动化系
软件学院,法学院
软件学院,水利系
软件学院,材料学院
软件学院,数学系
软件学院,微纳电子系
软件学院,建管系
软件学院,建筑学院
软件学院,工业工程系
软件学院,医学院
软件学院,化工系
软件学院,化学系
软件学院,交叉信息院
计算机系,生命学院
计算机系,环境学院
计算机系,物理系
计算机系,热能系
计算机系,法学院
计算机系,工业工程系
计算机系,化学系
计算机系,公管学院
计算机系,党办校办
计算机系,信研院
计算中心,软件学院
计算中心,航院
药学院,医学院
航院,社科学院
航院,电机系
航院,工物系
航院,地球科学中心
航院,土木系
航院,人文学院
航院,交叉信息院
自动化系,计算机系
自动化系,物理系
自动化系,汽车系
自动化系,水利系
自动化系,教研院
自动化系,教务处
自动化系,工物系
自动化系,化工系
自动化系,全校
美术学院,计算机系
美术学院,物理系
美术学院,热能系
美术学院,材料学院
美术学院,教研院
美术学院,建管系
美术学院,地球科学中心
美术学院,全校
经管学院,高研院
经管学院,自动化系
经管学院,精仪系
经管学院,科研院
经管学院,研究生院
经管学院,水利系
经管学院,核研院
经管学院,数学系
经管学院,医学院
经管学院,公管学院
精仪系,软件学院
精仪系,法学院
精仪系,汽车系
精仪系,建筑学院
精仪系,工物系
精仪系,工业工程系
精仪系,外文系
精仪系,化学系
精仪系,党办校办
精仪系,中文系
社科学院,马克思主义学院
社科学院,金融学院
社科学院,航院
社科学院,美术学院
社科学院,环境学院
社科学院,核研院
社科学院,机械学院
社科学院,微纳电子系
社科学院,化工系
社科学院,信研院
研究生院,计算机系
研究生院,汽车系
研究生院,党办校办
电机系,美术学院
电机系,热能系
电机系,法学院
电机系,核研院
电机系,材料学院
电机系,机械系
电机系,新闻学院
电机系,工物系
电机系,地球科学中心
电机系,公管学院
电子系,生命学院
电子系,环境学院
电子系,汽车系
电子系,微纳电子系
电子系,工物系
电子系,工业工程系
电子系,外文系
生命学院,计算机系
生命学院,电机系
生命学院,物理系
生命学院,法学院
生命学院,汽车系
生命学院,水利系
生命学院,核研院
生命学院,机械系
生命学院,机械学院
生命学院,数学系
生命学院,技术转移研究院
生命学院,微纳电子系
生命学院,建管系
生命学院,外文系
生命学院,地球科学中心
生命学院,公管学院
生命学院,交叉信息院
生医系,法学院
环境学院,金融学院
环境学院,美术学院
环境学院,物理系
环境学院,热能系
环境学院,材料学院
环境学院,机械系
环境学院,数学系
环境学院,教研院
环境学院,微纳电子系
环境学院,工业工程系
环境学院,地球科学中心
环境学院,化学系
环境学院,党办校办
环境学院,交叉信息院
物理系,金融学院
物理系,软件学院
物理系,美术学院
物理系,新闻学院
物理系,工物系
物理系,工业工程系
物理系,土木系
热能系,软件学院
热能系,美术学院
热能系,经管学院
热能系,研究生院
热能系,电子系
热能系,物理系
热能系,材料学院
热能系,新闻学院
热能系,外文系
热能系,土木系
热能系,化工系
热能系,党办校办
热能系,人文学院
清华-伯克利深圳学院,社科学院
法学院,马克思主义学院
法学院,计算机系
法学院,美术学院
法学院,精仪系
法学院,电子系
法学院,生医系
法学院,物理系
法学院,水利系
法学院,无
法学院,新雅书院
法学院,建管系
法学院,工物系
法学院,外文系
法学院,地球科学中心
法学院,土木系
法学院,化工系
法学院,化学系
法学院,公管学院
汽车系,计算机系
汽车系,自动化系
汽车系,经管学院
汽车系,电机系
汽车系,环境学院
汽车系,法学院
汽车系,材料学院
汽车系,教研院
汽车系,建筑学院
汽车系,工物系
汽车系,公管学院
汽车系,人文学院
水利系,经管学院
水利系,环境学院
水利系,热能系
水利系,法学院
水利系,教研院
水利系,建筑技术
水利系,建筑学院
水利系,土木系
水利系,人文学院
核研院,航院
核研院,自动化系
核研院,美术学院
核研院,社科学院
核研院,热能系
核研院,建筑学院
核研院,工物系
材料学院,软件学院
材料学院,航院
材料学院,经管学院
材料学院,生命学院
材料学院,物理系
材料学院,法学院
材料学院,数学系
材料学院,教务处
材料学院,建筑学院
材料学院,工物系
材料学院,工业工程系
材料学院,全校
材料学院,党办校办
机械系,经管学院
机械系,精仪系
机械系,电子系
机械系,汽车系
机械系,水利系
机械系,核研院
机械系,新闻学院
机械系,教研院
机械系,工物系
机械系,地球科学中心
机械系,土木系
机械系,医学院
机械系,化工系
机械系,人文学院
机械学院,自动化系
新闻学院,金融学院
新闻学院,计算机系
新闻学院,经管学院
新闻学院,精仪系
新闻学院,材料学院
新闻学院,工物系
新闻学院,工业工程系
新闻学院,公管学院
数学系,软件学院
数学系,经管学院
数学系,生命学院
数学系,水利系
数学系,材料学院
数学系,机械系
数学系,建管系
数学系,工物系
数学系,外文系
数学系,医学院
数学系,交叉信息院
教研院,高研院
教研院,马克思主义学院
教研院,美术学院
教研院,精仪系
教研院,电子系
教研院,物理系
教研院,水利系
教研院,工物系
教研院,外文系
教研院,土木系
教研院,化学系
教研院,全校
教研院,交叉信息院
教务处,教研院
微纳电子系,软件学院
微纳电子系,计算机系
微纳电子系,自动化系
微纳电子系,经管学院
微纳电子系,社科学院
微纳电子系,法学院
微纳电子系,土木系
微电子所,美术学院
微电子所,工业工程系
建管系,软件学院
建管系,经管学院
建管系,热能系
建管系,新闻学院
建管系,数学系
建管系,建筑学院
建管系,外文系
建管系,人文学院
建筑技术,计算机系
建筑技术,教研院
建筑学院,高研院
建筑学院,社科学院
建筑学院,电机系
建筑学院,环境学院
建筑学院,法学院
建筑学院,水利系
建筑学院,机械学院
建筑学院,无
建筑学院,新闻学院
建筑学院,建管系
建筑学院,工业工程系
建筑学院,化学系
工物系,美术学院
工物系,精仪系
工物系,科研院
工物系,电机系
工物系,环境学院
工物系,汽车系
工物系,数学系
工物系,教研院
工物系,微纳电子系
工物系,工业工程系
工物系,医学院
工物系,化工系
工物系,化学系
工物系,公管学院
工业工程系,电机系
工业工程系,电子系
工业工程系,生命学院
工业工程系,水利系
工业工程系,材料学院
工业工程系,机械系
工业工程系,新闻学院
工业工程系,数学系
工业工程系,教研院
工业工程系,微纳电子系
工业工程系,化工系
工业工程系,人文学院
工业工程系,交叉信息院
学生处,新闻学院
外文系,社科学院
外文系,数学系
外文系,建管系
外文系,工物系
外文系,土木系
地球科学中心,高研院
地球科学中心,软件学院
地球科学中心,电子系
地球科学中心,环境学院
地球科学中心,核研院
地球科学中心,材料学院
地球科学中心,新闻学院
地球科学中心,数学系
地球科学中心,教研院
地球科学中心,工物系
地球科学中心,外文系
地球科学中心,公管学院
土木系,马克思主义学院
土木系,软件学院
土木系,精仪系
土木系,科研院
土木系,电机系
土木系,物理系
土木系,热能系
土木系,法学院
土木系,材料学院
土木系,机械系
土木系,无
土木系,学生处
土木系,化工系
土木系,党办校办
医学院,航院
医学院,电子系
医学院,法学院
医学院,汽车系
医学院,水利系
医学院,教研院
医学院,建筑学院
医学院,化工系
化工系,马克思主义学院
化工系,软件学院
化工系,生命学院
化工系,环境学院
化工系,物理系
化工系,热能系
化工系,机械系
化工系,技术转移研究院
化工系,建筑学院
化工系,工物系
化工系,外文系
化工系,全校
化学系,马克思主义学院
化学系,软件学院
化学系,航院
化学系,美术学院
化学系,社科学院
化学系,电机系
化学系,环境学院
化学系,热能系
化学系,法学院
化学系,材料学院
化学系,工物系
化学系,地球科学中心
化学系,医学院
公管学院,科研院
公管学院,社科学院
公管学院,物理系
公管学院,法学院
公管学院,新闻学院
公管学院,数学系
公管学院,教研院
公管学院,土木系
公管学院,化工系
全校,计算机系
全校,教研院
全校,土木系
全校,党办校办
全校,人文学院
体育部,工物系
人文学院,金融学院
人文学院,计算机
人文学院,自动化系
人文学院,科研院
人文学院,研究生院
人文学院,教务处
人文学院,化工系
人文学院,党办校办
交叉信息院,经管学院
交叉信息院,热能系
交叉信息院,建筑学院
交叉信息院,工物系
交叉信息院,工业工程系
交叉信息院,地球科学中心
交叉信息院,全校
中文系,美术学院
中文系,外文系
